{
  "project_info": {
    "project_number": "143291399203",
    "firebase_url": "https://instagramclone-ec87c.firebaseio.com",
    "project_id": "instagramclone-ec87c",
    "storage_bucket": "instagramclone-ec87c.appspot.com"
  },
  "client": [
    {
      "client_info": {
        "mobilesdk_app_id": "1:143291399203:android:6a92cf7be98ed1db6f8596",
        "android_client_info": {
          "package_name": "com.example.instagramclone"
        }
      },
      "oauth_client": [
        {
          "client_id": "143291399203-kmg95liq81tb2ahi6i76is614or11nf2.apps.googleusercontent.com",
          "client_type": 1,
          "android_info": {
            "package_name": "com.example.instagramclone",
            "certificate_hash": "2df16e73ebc51dcf2f6c66ccac611c7e9076125d"
          }
        },
        {
          "client_id": "143291399203-i2dtq8q06m7eqgfdks2m7q9d2hqj1vkq.apps.googleusercontent.com",
          "client_type": 3
        }
      ],
      "api_key": [
        {
          "current_key": "AIzaSyB1CNkC0iUZ5bN5szY9HjP6IDYfeDo1kD0"
        }
      ],
      "services": {
        "appinvite_service": {
          "other_platform_oauth_client": [
            {
              "client_id": "143291399203-i2dtq8q06m7eqgfdks2m7q9d2hqj1vkq.apps.googleusercontent.com",
              "client_type": 3
            }
          ]
        }
      }
    }
  ],
  "configuration_version": "1"
}